{"notes_color": {"notes_color": {"0A": [0, 0.44313725490196076, 1.0, 1], "0A#": [0.42745098039215684, 0, 0.984313725490196, 1], "0B": [0.3803921568627451, 0, 0.3803921568627451, 1], "1C": [0.3843137254901961, 0, 0, 1], "1C#": [0.5450980392156862, 0, 0, 1], "1D": [0.6941176470588235, 0, 0, 1], "1D#": [0.8352941176470589, 0, 0, 1], "1E": [0.9725490196078431, 0, 0, 1], "1F": [1.0, 0.5686274509803921, 0, 1], "1F#": [0.9411764705882353, 1.0, 0, 1], "1G": [0.45098039215686275, 1.0, 0, 1], "1G#": [0, 1.0, 0.7098039215686275, 1]}}, "custom_color": {"custom_color": {"0A": [0.5137254901960784, 0, 0.7098039215686275, 1], "0A#": [0, 0.27450980392156865, 1.0, 1], "0B": [0, 1.0, 0.5725490196078431, 1], "1C": [0.6392156862745098, 1.0, 0, 1], "1C#": [1.0, 0.7450980392156863, 0, 1], "1D": [0.9803921568627451, 0, 0, 1], "1D#": [0.5137254901960784, 0, 0.7098039215686275, 1], "1E": [0, 0.27450980392156865, 1.0, 1], "1F": [0, 1.0, 0.5725490196078431, 1], "1F#": [0.6392156862745098, 1.0, 0, 1], "1G": [1.0, 0.7450980392156863, 0, 1], "1G#": [0.9803921568627451, 0, 0, 1], "1A": [0.5137254901960784, 0, 0.7098039215686275, 1], "1A#": [0, 0.27450980392156865, 1.0, 1], "1B": [0, 1.0, 0.5725490196078431, 1], "2C": [0.6392156862745098, 1.0, 0, 1], "2C#": [1.0, 0.7450980392156863, 0, 1], "2D": [0.9803921568627451, 0, 0, 1], "2D#": [0.5137254901960784, 0, 0.7098039215686275, 1], "2E": [0, 0.27450980392156865, 1.0, 1], "2F": [0, 1.0, 0.5725490196078431, 1], "2F#": [0.6392156862745098, 1.0, 0, 1], "2G": [1.0, 0.7450980392156863, 0, 1], "2G#": [0.9803921568627451, 0, 0, 1], "2A": [0.5137254901960784, 0, 0.7098039215686275, 1], "2A#": [0, 0.27450980392156865, 1.0, 1], "2B": [0, 1.0, 0.5725490196078431, 1], "3C": [0.6392156862745098, 1.0, 0, 1], "3C#": [1.0, 0.7450980392156863, 0, 1], "3D": [0.9803921568627451, 0, 0, 1], "3D#": [0.5137254901960784, 0, 0.7098039215686275, 1], "3E": [0, 0.27450980392156865, 1.0, 1], "3F": [0, 1.0, 0.5725490196078431, 1], "3F#": [0.6392156862745098, 1.0, 0, 1], "3G": [1.0, 0.7450980392156863, 0, 1], "3G#": [0.9803921568627451, 0, 0, 1], "3A": [0.5137254901960784, 0, 0.7098039215686275, 1], "3A#": [0, 0.27450980392156865, 1.0, 1], "3B": [0, 1.0, 0.5725490196078431, 1], "4C": [0.6392156862745098, 1.0, 0, 1], "4C#": [1.0, 0.7450980392156863, 0, 1], "4D": [0.9803921568627451, 0, 0, 1], "4D#": [0.5137254901960784, 0, 0.7098039215686275, 1], "4E": [0, 0.27450980392156865, 1.0, 1], "4F": [0, 1.0, 0.5725490196078431, 1], "4F#": [0.6392156862745098, 1.0, 0, 1], "4G": [1.0, 0.7450980392156863, 0, 1], "4G#": [0.9803921568627451, 0, 0, 1], "4A": [0.5137254901960784, 0, 0.7098039215686275, 1], "4A#": [0, 0.27450980392156865, 1.0, 1], "4B": [0, 1.0, 0.5725490196078431, 1], "5C": [0.6392156862745098, 1.0, 0, 1], "5C#": [1.0, 0.7450980392156863, 0, 1], "5D": [0.9803921568627451, 0, 0, 1], "5D#": [0.5137254901960784, 0, 0.7098039215686275, 1], "5E": [0, 0.27450980392156865, 1.0, 1], "5F": [0, 1.0, 0.5725490196078431, 1], "5F#": [0.6392156862745098, 1.0, 0, 1], "5G": [1.0, 0.7450980392156863, 0, 1], "5G#": [0.9803921568627451, 0, 0, 1], "5A": [0.5137254901960784, 0, 0.7098039215686275, 1], "5A#": [0, 0.27450980392156865, 1.0, 1], "5B": [0, 1.0, 0.5725490196078431, 1], "6C": [0.6392156862745098, 1.0, 0, 1], "6C#": [1.0, 0.7450980392156863, 0, 1], "6D": [0.9803921568627451, 0, 0, 1], "6D#": [0.5137254901960784, 0, 0.7098039215686275, 1], "6E": [0, 0.27450980392156865, 1.0, 1], "6F": [0, 1.0, 0.5725490196078431, 1], "6F#": [0.6392156862745098, 1.0, 0, 1], "6G": [1.0, 0.7450980392156863, 0, 1], "6G#": [0.9803921568627451, 0, 0, 1], "6A": [0.5137254901960784, 0, 0.7098039215686275, 1], "6A#": [0, 0.27450980392156865, 1.0, 1], "6B": [0, 1.0, 0.5725490196078431, 1], "7C": [0.6392156862745098, 1.0, 0, 1], "7C#": [1.0, 0.7450980392156863, 0, 1], "7D": [0.9803921568627451, 0, 0, 1], "7D#": [0.5137254901960784, 0, 0.7098039215686275, 1], "7E": [0, 0.27450980392156865, 1.0, 1], "7F": [0, 1.0, 0.5725490196078431, 1], "7F#": [0.6392156862745098, 1.0, 0, 1], "7G": [1.0, 0.7450980392156863, 0, 1], "7G#": [0.9803921568627451, 0, 0, 1], "7A": [0.5137254901960784, 0, 0.7098039215686275, 1], "7A#": [0, 0.27450980392156865, 1.0, 1], "7B": [0, 1.0, 0.5725490196078431, 1], "8C": [0.6392156862745098, 1.0, 0, 1]}}, "custom_color_active": {"custom_color_active": false}, "color_pattern_active": {"color_pattern_active": true}, "sustain_tune": {"sustain_tune": false}, "numberof_row": {"numberof_row": "2"}, "visible_keys": {"visible_keys": "24"}, "keyboard_lock": {"keyboard_lock": true}, "white_key": {"white_key": true}, "black_key": {"black_key": false}, "equalizer": {"equalizer": false}, "selected_instrument": {"selected_instrument": "Piano"}, "keys_label": {"keys_label": "Notes"}, "custom_label": {"custom_label": {"C": "C1", "C#": "C#1", "D": "D1", "D#": "D#1", "E": "E", "F": "F", "F#": "F#", "G": "GerA", "G#": "G#", "A": "A", "A#": "A#", "B": "B"}}, "save_scroll": {"save_scroll": {"0": 0.797, "1": 0.422, "2": 0.0}}}